CarID,Brand,ModelYear,Mileage,EngineSize,Price,Rating
C2000,Hyundai,2021,,1.2,1466188,4
C2001,BMW,2023,45100,1.5,3321928,5
C2002,Toyota,2020,172445,1.5,,3
C2003,Hyundai,2016,45100,1.5,,4
C2004,Hyundai,2022,141975,,1392304,
C2005,Hyundai,2015,172445,2.0,3403649,
C2006,Hyundai,2015,188677,1.2,1696703,4
C2007,Hyundai,2016,127249,,3315750,
C2008,Audi,2010,87910,2.5,1663681,1
C2009,Honda,2023,111790,2.0,1092846,
C2010,Toyota,2009,20151,1.0,476283,5
C2011,Audi,2022,85193,,2105194,2
C2012,Hyundai,2007,45100,1.0,1482146,
C2013,Hyundai,2009,139718,1.0,1392304,5
C2014,Kia,2012,141975,2.5,562667,1
C2015,Toyota,2017,75796,2.0,2898287,1
C2016,Honda,2014,92669,,3075448,4
C2017,Hyundai,2012,50994,1.0,2905026,
C2018,Toyota,2018,155095,,2899296,
C2019,Audi,2014,136243,1.0,2460556,
C2020,BMW,2006,196210,1.5,2899296,
C2021,Hyundai,2017,50994,,2460556,5
C2022,Hyundai,2008,92662,2.5,2239415,1
C2023,Audi,2020,,2.0,2105194,
C2024,Toyota,2022,60569,2.5,1466188,
C2025,Audi,2011,70618,1.2,1800137,5
C2026,Hyundai,2007,172445,2.5,1191580,5
C2027,Audi,2007,13378,1.0,3403649,
C2028,BMW,2012,125049,1.2,2710900,2
C2029,Honda,2022,66652,2.0,1800137,2
C2030,Toyota,2015,196210,1.2,3075448,5
C2031,Toyota,2018,138616,2.0,3075448,3
C2032,Toyota,2020,188677,1.5,1191580,3
C2033,BMW,2023,92662,2.0,1522784,4
C2034,Kia,2020,93887,,3360865,1
C2035,Audi,2008,149170,1.2,1682333,1
C2036,Audi,2017,125049,2.5,851989,4
C2037,Kia,2013,93887,1.0,3194484,5
C2038,Honda,2006,172445,2.0,476283,
C2039,Kia,,75796,2.5,2877354,3
C2040,Toyota,,66652,,1696703,2
C2041,Kia,2023,45100,,851989,1
C2042,Hyundai,2010,66652,2.5,1392304,2
C2043,Kia,2016,150888,2.0,2139816,
C2044,Hyundai,2015,13378,,1312654,3
C2045,Hyundai,2019,86124,1.0,3448111,
C2046,Kia,2006,150888,1.0,1522784,4
C2047,Honda,2021,131551,1.2,2105194,5
C2048,BMW,2019,188677,1.2,2139816,4
C2049,Hyundai,2020,161584,1.2,958768,
C2050,Honda,2006,125049,1.2,3194484,1
C2051,Hyundai,,86920,2.0,2105194,
C2052,Toyota,2022,52695,1.2,1558920,
C2053,BMW,2011,52695,1.5,1392304,
C2054,Toyota,2006,119885,2.0,3194484,1
C2055,Hyundai,2022,111790,2.5,1696703,3
C2056,Audi,2017,136243,,2877354,4
C2057,BMW,2022,155843,1.5,1470605,3
C2058,Toyota,2022,141975,,3194484,5
C2059,Hyundai,2011,86124,2.5,2905026,2
C2060,BMW,2013,161584,2.0,2105194,1
C2061,Toyota,2019,141975,2.5,3075448,3
C2062,Hyundai,2007,92662,1.0,3448111,2
C2063,Hyundai,2006,80227,2.0,3403649,5
C2064,Kia,2008,92669,1.2,2777596,5
C2065,BMW,2007,168207,2.0,3050785,5
C2066,Audi,,188677,1.5,1800137,4
C2067,Toyota,2009,20151,2.5,3415602,3
C2068,BMW,2023,161584,,1696703,2
C2069,BMW,2015,20151,1.2,1548939,
C2070,Honda,2013,85193,1.5,2675060,3
C2071,Audi,2005,108554,1.0,3075448,4
C2072,Hyundai,2007,175693,1.0,1054889,2
C2073,Kia,2019,150888,1.5,2777596,3
C2074,Hyundai,2013,70618,2.0,3448111,2
C2075,Audi,2009,45100,2.0,1696703,3
C2076,BMW,2011,111790,1.0,3315750,5
C2077,Honda,2009,121904,1.2,1682333,2
C2078,BMW,2017,172445,1.0,1663681,
C2079,Toyota,2014,149170,1.5,1482146,2
C2080,Toyota,2007,172445,1.0,3321928,2
C2081,Hyundai,2008,196210,,2318481,2
C2082,Audi,2021,75796,1.5,1025581,
C2083,Audi,2006,125049,1.2,3403649,5
C2084,BMW,2006,,,1689388,2
C2085,Honda,2006,149170,2.0,2777596,4
C2086,BMW,2023,138616,2.5,1689388,4
C2087,BMW,2017,138616,1.2,2032290,4
C2088,Toyota,2018,75796,,2460556,1
C2089,Audi,2013,92669,,1558920,1
C2090,Hyundai,2005,60569,2.5,2032290,3
C2091,Kia,2023,14167,1.5,1522784,2
C2092,Audi,2005,172827,1.2,2777596,
C2093,Kia,2019,,2.0,1191580,4
C2094,Hyundai,2015,172827,2.0,2239415,
C2095,BMW,2008,52695,2.5,1392304,2
C2096,Toyota,2015,87910,2.0,2675060,
C2097,Toyota,2020,175693,,2777596,5
C2098,Audi,2012,52695,2.5,3315750,3
C2099,BMW,2022,62869,2.5,3315750,1
C2100,Hyundai,2005,127249,2.0,1092846,
C2101,Toyota,2005,111151,2.0,2105194,3
C2102,Toyota,,13378,2.5,1682333,3
C2103,BMW,2018,45100,1.2,476283,3
C2104,BMW,2007,14167,1.2,3321928,3
C2105,BMW,,119885,1.0,1054889,4
C2106,Honda,2017,60569,1.0,3315750,5
C2107,Kia,2008,92662,2.0,3403649,
C2108,BMW,2006,150888,2.0,3448111,1
C2109,Honda,2017,45100,1.2,3050785,5
C2110,Hyundai,2022,85193,1.2,562667,2
C2111,Audi,2006,93887,2.5,2139816,
C2112,Hyundai,2018,119885,,2318481,1
C2113,Honda,2010,148088,1.2,2318481,1
C2114,Hyundai,2012,14167,,1522784,5
C2115,Hyundai,2023,92662,2.0,3360865,4
C2116,Audi,2014,93887,2.0,1054889,
C2117,Honda,2016,93887,1.2,1558920,
C2118,Audi,2021,189058,1.0,1312654,
C2119,BMW,,13378,2.0,3050785,3
C2120,BMW,2010,108554,1.0,1558920,3
C2121,Hyundai,2019,20151,2.5,1025581,2
C2122,Toyota,2008,138616,2.0,2899296,
C2123,Hyundai,2013,188677,,1482146,
C2124,Toyota,2009,188677,,1522784,4
C2125,Honda,2011,155095,1.5,3415602,1
C2126,BMW,2020,111151,1.2,1466188,2
C2127,Honda,2009,24416,1.0,2727695,2
C2128,Honda,,60569,,562667,3
C2129,Toyota,2022,188677,,1548939,2
C2130,Honda,2021,75796,1.5,2877354,4
C2131,Honda,2010,131551,2.0,3075448,
C2132,Audi,2021,45100,2.0,476283,5
C2133,BMW,2017,66652,,2460556,2
C2134,Honda,2012,92662,1.0,2318481,5
C2135,BMW,2011,,2.0,2898287,1
C2136,Hyundai,2018,139718,1.2,3484459,3
C2137,Audi,2007,136243,1.2,1522784,4
C2138,Audi,2009,87910,1.0,,4
C2139,Kia,2008,111790,2.0,1548939,3
C2140,BMW,2010,93887,1.2,2105194,5
C2141,Toyota,2017,,1.2,2675060,3
C2142,Kia,2012,24416,,476283,
C2143,Audi,2017,108554,2.0,1025581,2
C2144,BMW,2011,110797,1.2,2727695,4
C2145,Hyundai,2017,127249,1.0,2105194,3
C2146,Hyundai,2022,24416,1.5,1392304,
C2147,Kia,2018,62869,2.5,3194484,
C2148,Kia,2006,78157,1.5,2032290,2
C2149,Audi,,20151,2.0,1154899,4
C2150,Toyota,2022,125049,1.0,2727695,5
C2151,BMW,2019,149170,1.5,3415602,1
C2152,Audi,2016,85193,1.2,1092846,4
C2153,BMW,,155843,1.2,3050785,
C2154,BMW,2018,48081,1.2,1800137,
C2155,BMW,2022,92662,1.0,2777596,2
C2156,Hyundai,2008,196210,1.2,1191580,5
C2157,Kia,2020,196210,1.0,1025581,4
C2158,BMW,2022,66652,1.2,2710900,
C2159,Toyota,2008,86920,2.5,2239415,
C2160,Toyota,2006,86920,2.0,3448111,5
C2161,Toyota,2014,111790,2.0,3484459,
C2162,Hyundai,2022,,1.5,2032290,3
C2163,Kia,2008,87910,2.0,3484459,5
C2164,Toyota,2009,,2.0,1154899,3
C2165,Honda,2016,196210,,1663681,5
C2166,BMW,2022,168207,,2899296,3
C2167,Hyundai,2015,24416,2.5,562667,5
C2168,Kia,2010,70618,1.2,2460556,4
C2169,Honda,2013,,2.5,1092846,3
C2170,Kia,2005,149170,1.0,476283,3
C2171,Honda,2005,138616,2.5,2032290,4
C2172,Hyundai,2023,,1.5,2777596,4
C2173,Audi,2017,138616,2.5,1689388,2
C2174,Hyundai,2006,52695,1.5,2675060,3
C2175,Kia,2018,111151,1.0,2899296,4
C2176,BMW,2016,172445,1.5,1482146,5
C2177,Kia,2016,131551,2.0,1392304,2
C2178,Toyota,2022,165367,1.5,1548939,4
C2179,Toyota,2016,85193,1.2,2239415,3
C2180,Kia,2011,,2.0,1054889,5
C2181,BMW,2016,155843,1.2,3194484,
C2182,Honda,2020,148088,,851989,
C2183,Honda,2007,111790,1.5,3050785,4
C2184,Hyundai,2017,127249,,3484459,3
C2185,Kia,2005,172827,2.0,2139816,5
C2186,Honda,2017,70618,2.0,958768,1
C2187,BMW,2018,168207,1.0,2460556,5
C2188,Kia,2013,75796,1.2,2239415,3
C2189,Audi,2018,14167,1.0,562667,2
C2190,Honda,2006,165367,2.0,1470605,1
C2191,Toyota,2009,111790,2.0,3360865,4
C2192,Toyota,2015,139718,2.5,476283,
C2193,Honda,2008,75796,1.0,1312654,4
C2194,Audi,2009,52695,2.0,2239415,3
C2195,Toyota,2006,125049,2.5,2710900,5
C2196,Toyota,2014,172827,1.0,3403649,1
C2197,Honda,,66652,1.0,,3
C2198,Audi,2010,139718,2.5,3403649,3
C2199,Audi,2016,161584,2.5,3360865,4
C2200,Toyota,2009,175693,1.0,3321928,
C2201,Kia,2018,,1.5,562667,2
C2202,BMW,2017,141975,,2784053,3
C2203,BMW,2005,141975,1.0,3075448,5
C2204,Toyota,,48081,2.0,,3
C2205,Honda,2014,138616,2.5,1482146,1
C2206,Toyota,2022,13378,1.5,1663681,
C2207,Kia,2022,161584,1.0,1482146,1
C2208,Honda,2017,50994,1.5,1154899,2
C2209,Kia,2006,155843,1.5,3360865,2
C2210,Audi,2021,172445,1.5,1696703,4
C2211,Kia,2015,172445,1.5,2318481,5
C2212,Audi,2017,121904,1.0,2710900,1
C2213,Kia,2009,66652,2.0,1548939,1
C2214,Toyota,2014,189058,2.5,1191580,3
C2215,Audi,2011,108554,1.0,1696703,3
C2216,Hyundai,2022,78157,,1696703,3
C2217,Honda,2019,172445,2.5,2899296,
C2218,Hyundai,2011,70618,1.0,2032290,1
C2219,BMW,2022,175693,,2710900,5
C2220,Kia,2019,52695,2.5,1470605,
C2221,Hyundai,2005,87910,1.5,2239415,3
C2222,Honda,2009,66652,2.5,2727695,5
C2223,Hyundai,2007,141975,1.2,2727695,4
C2224,Toyota,2018,155843,2.5,1466188,5
C2225,Audi,2006,175693,,1689388,2
C2226,Toyota,2015,111151,1.5,3360865,5
C2227,BMW,2009,86920,1.5,3256808,3
C2228,BMW,2023,92662,1.2,562667,4
C2229,Toyota,2015,189058,1.5,1092846,1
C2230,Kia,2022,13378,1.0,958768,4
C2231,Kia,2019,139718,,1548939,4
C2232,Honda,2019,111790,1.0,1466188,
C2233,Kia,2008,24416,1.5,2784053,3
C2234,BMW,2023,,2.5,2139816,3
C2235,Audi,2016,66652,1.2,2710900,4
C2236,Honda,2019,172827,1.2,2318481,
C2237,BMW,2013,52695,1.0,958768,4
C2238,Toyota,2013,165367,1.5,1696703,3
C2239,Kia,2007,108554,1.2,1025581,5
C2240,Hyundai,2022,155843,1.0,2710900,1
C2241,BMW,2023,161584,1.0,1092846,4
C2242,Honda,2021,168207,2.5,1312654,4
C2243,Hyundai,2012,127249,2.5,1466188,5
C2244,BMW,2019,155843,,1392304,4
C2245,Hyundai,2022,111151,2.0,1558920,2
C2246,Honda,2014,121904,,654431,
C2247,BMW,2012,139718,2.0,3415602,3
C2248,BMW,2023,92669,2.0,2905026,2
C2249,Kia,2018,,1.0,1392304,5
C2250,Audi,2014,13378,1.5,2727695,
C2251,Toyota,2020,131551,1.5,1522784,2
C2252,BMW,2021,155843,2.5,3050785,4
C2253,Hyundai,2019,,,582765,3
C2254,Kia,2014,148088,1.0,1800137,3
C2255,Kia,2012,20151,,2239415,5
C2256,Hyundai,2005,78157,1.5,1466188,1
C2257,Kia,2017,80227,,476283,2
C2258,Hyundai,2013,66652,1.5,1312654,
C2259,Kia,2011,125049,2.5,1696703,
C2260,Kia,2006,78157,1.5,3194484,2
C2261,Toyota,2022,50994,1.2,958768,
C2262,Audi,2015,87910,1.5,1548939,5
C2263,Kia,2011,127249,,2239415,3
C2264,Honda,2010,60569,,2318481,1
C2265,Toyota,2010,138616,1.0,1392304,
C2266,Toyota,2023,87910,,1482146,
C2267,Hyundai,2023,168207,2.0,2318481,5
C2268,Kia,2010,93887,1.0,1696703,5
C2269,Honda,2005,141975,1.2,2460556,4
C2270,Toyota,2019,14167,1.2,1312654,1
C2271,Audi,2010,155843,2.0,1092846,4
C2272,Toyota,2014,121904,1.5,1548939,4
C2273,BMW,2018,50994,1.0,1470605,
C2274,Audi,2018,20151,1.5,1482146,4
C2275,Toyota,,86920,1.5,1548939,1
C2276,Hyundai,2018,52695,,2675060,5
C2277,BMW,2010,13378,1.0,1025581,2
C2278,Hyundai,2019,92662,2.5,1054889,5
C2279,Kia,2010,92669,1.2,3050785,3
C2280,Audi,2020,110797,,1025581,1
C2281,Hyundai,2009,110797,2.5,2318481,3
C2282,BMW,2007,172827,2.5,2898287,5
C2283,Toyota,2016,86920,1.2,2032290,2
C2284,BMW,2019,125049,1.0,1548939,1
C2285,BMW,2012,66652,1.2,2239415,3
C2286,Toyota,,50994,1.2,3256808,1
C2287,Kia,2005,52695,1.2,2899296,3
C2288,Audi,2011,188677,,2898287,4
C2289,Honda,2009,70618,2.5,2777596,1
C2290,Kia,2009,20151,2.0,,1
C2291,Toyota,2015,14167,1.0,2898287,
C2292,Toyota,2017,155843,,1191580,3
C2293,Kia,2005,86124,2.0,2032290,5
C2294,Audi,2017,24416,1.2,2727695,
C2295,Hyundai,2014,196210,1.2,3256808,5
C2296,BMW,2023,50994,2.5,2105194,2
C2297,Kia,2009,86920,2.5,1470605,3
C2298,BMW,2013,70618,,1482146,1
C2299,BMW,,80227,1.2,3360865,5
C2300,BMW,2019,136243,1.5,562667,3
C2301,Audi,2012,24416,1.5,1522784,
C2302,Honda,2007,93887,1.0,3075448,4
C2303,Toyota,2022,131551,,2898287,
C2304,Kia,2021,155843,,3360865,5
C2305,Toyota,2022,93887,1.5,2905026,1
C2306,Honda,,20151,2.5,1470605,
C2307,Kia,2019,75796,1.0,1191580,5
C2308,Audi,2007,125049,1.0,2898287,5
C2309,Audi,,155843,,958768,5
C2310,Toyota,2016,138616,1.5,2318481,5
C2311,BMW,2012,161584,2.0,2710900,3
C2312,Honda,2020,60569,2.5,1663681,4
C2313,Kia,2015,161584,1.2,3321928,1
C2314,Kia,2014,66652,,2777596,4
C2315,Kia,2021,138616,1.0,2877354,5
C2316,Honda,2017,13378,,3315750,1
C2317,BMW,2019,110797,2.5,3415602,4
C2318,Kia,2011,93887,2.5,2727695,3
C2319,Audi,2010,20151,1.5,1689388,1
C2320,BMW,2022,85193,,3050785,4
C2321,BMW,2008,188677,2.5,2899296,1
C2322,Toyota,2007,66652,1.5,2727695,3
C2323,Audi,2017,86124,2.0,3315750,4
C2324,Honda,2009,121904,1.5,2710900,3
C2325,BMW,2018,92669,1.5,1682333,3
C2326,Hyundai,2010,125049,1.0,1696703,1
C2327,BMW,2018,14167,2.0,3415602,4
C2328,Hyundai,2011,127249,1.2,1558920,1
C2329,BMW,2014,131551,1.0,3256808,4
C2330,Toyota,2010,155843,2.0,1470605,
C2331,Hyundai,,14167,2.0,3050785,4
C2332,Audi,2009,48081,2.0,2318481,
C2333,Hyundai,2014,52695,2.5,1800137,1
C2334,Hyundai,2020,86920,2.5,3315750,4
C2335,Honda,2021,52695,1.0,2460556,4
C2336,Audi,2007,149170,1.5,851989,4
C2337,BMW,2009,45100,2.5,1663681,1
C2338,Hyundai,2018,138616,1.0,2899296,5
C2339,Kia,2016,50994,,1191580,3
C2340,Audi,2017,92662,1.0,2105194,3
C2341,BMW,2009,150888,2.0,2898287,3
C2342,Hyundai,2006,172827,1.0,2239415,2
C2343,BMW,2016,141975,,3403649,2
C2344,Toyota,2017,86124,2.5,1392304,3
C2345,Toyota,2016,188677,2.5,1466188,5
C2346,Honda,2018,172445,2.0,1470605,4
C2347,Honda,2023,111151,2.0,1092846,
C2348,Toyota,2022,92662,,1470605,2
C2349,Kia,2005,196210,1.0,2139816,5
C2350,Toyota,2022,111151,1.5,2460556,4
C2351,BMW,2010,150888,,958768,2
C2352,Honda,2016,121904,1.5,1312654,
C2353,Toyota,2016,131551,1.2,2032290,2
C2354,Hyundai,2021,119885,1.0,3415602,2
C2355,Hyundai,2014,75796,1.5,1092846,3
C2356,Kia,2005,119885,1.2,2105194,5
C2357,BMW,,45100,1.5,2877354,4
C2358,Toyota,2012,188677,1.5,3448111,1
C2359,Kia,2020,168207,2.5,2710900,
C2360,Audi,2018,87910,2.0,1522784,5
C2361,Audi,2012,66652,1.0,2898287,5
C2362,Audi,2014,,1.5,3484459,1
C2363,Toyota,2013,139718,1.2,1191580,1
C2364,Hyundai,2021,196210,1.2,476283,4
C2365,BMW,2022,60569,,3360865,4
C2366,Honda,2005,92662,2.0,1470605,4
C2367,Toyota,2010,86920,1.5,1312654,5
C2368,Honda,2021,125049,,1548939,
C2369,Kia,2016,141975,2.0,1682333,5
C2370,Audi,2019,75796,2.0,1696703,
C2371,Audi,2021,136243,2.5,1092846,5
C2372,Audi,2017,119885,2.5,2318481,2
C2373,Honda,2015,92662,,2318481,1
C2374,BMW,2005,121904,1.5,582765,2
C2375,Hyundai,2006,86920,,3403649,4
C2376,BMW,2006,87910,1.2,3360865,1
C2377,BMW,2013,52695,1.0,2460556,5
C2378,Kia,2017,60569,,1522784,1
C2379,Hyundai,2019,148088,2.0,654431,2
C2380,BMW,2015,111790,1.0,2877354,2
C2381,Kia,2011,138616,1.5,1482146,
C2382,Toyota,2016,121904,2.0,3256808,3
C2383,Audi,2015,196210,,2877354,2
C2384,Audi,2016,172827,2.0,2777596,2
C2385,Toyota,2005,149170,1.5,1682333,
C2386,Audi,2012,127249,1.5,2239415,
C2387,BMW,2018,139718,1.0,1392304,4
C2388,Audi,2011,110797,1.0,1470605,2
C2389,Kia,,188677,1.2,2675060,3
C2390,Hyundai,2014,92669,,1800137,1
C2391,Hyundai,2019,165367,2.5,2032290,4
C2392,Honda,2012,110797,2.0,3075448,5
C2393,Hyundai,2009,139718,1.2,1482146,
C2394,Honda,2020,188677,1.5,3075448,5
C2395,Kia,2015,172445,2.5,1466188,3
C2396,Honda,2008,139718,1.2,2139816,4
C2397,BMW,2009,62869,1.0,2898287,3
C2398,Honda,2018,121904,2.5,2318481,4
C2399,Hyundai,2006,150888,1.5,2318481,2
C2400,Toyota,2011,119885,2.5,1025581,4
C2401,Toyota,2019,196210,1.0,3415602,5
C2402,Kia,2011,161584,1.0,1663681,4
C2403,Toyota,2017,24416,2.5,3256808,5
C2404,Toyota,2015,139718,2.5,2675060,4
C2405,BMW,2009,139718,1.5,1800137,5
C2406,Toyota,2023,75796,2.5,1154899,5
C2407,Toyota,2018,111151,1.5,1548939,4
C2408,Honda,2016,80227,2.5,3484459,
C2409,Toyota,2006,138616,1.2,1092846,
C2410,BMW,2011,80227,,3321928,5
C2411,Honda,2022,180017,1.0,476283,5
C2412,Toyota,2006,66652,1.5,2905026,4
C2413,BMW,2012,149170,1.2,3050785,2
C2414,Toyota,2021,92669,,2899296,2
C2415,Audi,2023,189058,2.5,1663681,3
C2416,Kia,2007,150888,1.0,1392304,4
C2417,Audi,2018,110797,2.5,2105194,4
C2418,Hyundai,,92662,1.2,1025581,3
C2419,Audi,2019,180017,2.0,1191580,5
C2420,Audi,2017,92662,,2032290,3
C2421,Toyota,2007,111151,2.5,1154899,
C2422,Honda,2016,155843,1.2,1548939,
C2423,Kia,2020,165367,1.2,1392304,
C2424,Kia,2013,150888,2.5,1482146,2
C2425,Audi,2013,20151,1.0,3315750,5
C2426,Kia,2012,50994,1.5,958768,
C2427,Honda,2013,13378,1.0,3415602,1
C2428,Honda,2020,121904,,851989,3
C2429,Hyundai,2013,136243,1.0,1696703,4
C2430,Toyota,2015,149170,,1392304,3
C2431,Toyota,2022,50994,1.0,2899296,2
C2432,BMW,2010,189058,2.5,2905026,
C2433,Toyota,2007,139718,1.5,2239415,3
C2434,Honda,2006,196210,2.0,,1
C2435,Audi,2018,50994,1.2,3075448,3
C2436,Toyota,2015,155095,1.2,3415602,5
C2437,Toyota,,80227,1.0,582765,2
C2438,Audi,,172445,1.5,1154899,5
C2439,Honda,2019,149170,2.0,1522784,4
C2440,Honda,2014,180017,1.0,,4
C2441,Audi,,14167,1.0,1191580,
C2442,Honda,2008,111790,2.5,2460556,2
C2443,Audi,2008,136243,2.5,3256808,3
C2444,Audi,2020,165367,1.5,1522784,
C2445,Audi,,92662,,2139816,3
C2446,Honda,2017,86920,,2105194,3
C2447,Honda,2013,48081,1.0,3256808,4
C2448,BMW,2005,110797,,3321928,
C2449,Kia,2016,141975,1.0,2777596,
C2450,Toyota,2019,150888,2.5,582765,4
C2451,Toyota,2013,86920,,1054889,1
C2452,Toyota,2020,155843,1.0,1191580,
C2453,Kia,2007,196210,1.0,3484459,4
C2454,Audi,2022,121904,2.0,476283,1
C2455,Kia,2006,,2.0,1466188,1
C2456,Hyundai,,168207,1.5,3403649,1
C2457,BMW,2012,110797,1.0,3050785,3
C2458,Toyota,2013,172827,,851989,5
C2459,Kia,2017,93887,1.0,1025581,
C2460,Hyundai,2010,196210,1.5,1548939,1
C2461,Hyundai,2006,14167,1.5,2777596,
C2462,Audi,2008,20151,1.5,562667,2
C2463,Kia,2010,75796,,2032290,4
C2464,Hyundai,2015,14167,1.0,2239415,3
C2465,BMW,2012,62869,2.5,1482146,4
C2466,Audi,2014,155843,1.0,476283,3
C2467,Toyota,2017,85193,,654431,1
C2468,Honda,2009,172445,1.0,1025581,4
C2469,Audi,2007,80227,1.0,476283,5
C2470,Kia,2018,148088,1.5,,4
C2471,BMW,2016,175693,,3448111,1
C2472,BMW,2015,121904,1.2,1689388,1
C2473,BMW,2015,111790,1.2,1689388,1
C2474,Toyota,2021,168207,2.5,1191580,3
C2475,Hyundai,2008,189058,1.5,2899296,1
C2476,Audi,2020,172827,1.5,3075448,4
C2477,Honda,2023,108554,2.0,851989,2
C2478,Toyota,2012,148088,2.0,,1
C2479,Toyota,2020,196210,,3415602,3
C2480,Honda,2021,92662,1.0,1558920,
C2481,Hyundai,2009,172827,2.0,1191580,
C2482,BMW,2021,141975,1.5,1482146,1
C2483,Toyota,2011,172827,2.5,2032290,3
C2484,BMW,2014,149170,2.5,582765,
C2485,BMW,2022,121904,2.5,2877354,2
C2486,Honda,2020,13378,1.5,2784053,1
C2487,Hyundai,2005,20151,1.5,1092846,4
C2488,Hyundai,2009,48081,1.2,1392304,
C2489,Hyundai,2009,24416,,476283,1
C2490,Toyota,2021,86124,1.5,2105194,3
C2491,BMW,2010,75796,1.0,3050785,5
C2492,Audi,2023,111151,2.0,1800137,4
C2493,Toyota,2011,75796,1.0,3315750,5
C2494,Toyota,2013,111790,2.0,1092846,4
C2495,Toyota,2012,,1.0,1470605,5
C2496,Hyundai,2007,78157,2.5,654431,3
C2497,Toyota,2020,180017,1.5,1312654,4
C2498,Honda,2010,75796,1.5,1800137,5
C2499,BMW,2012,85193,1.2,582765,4
C2500,BMW,2015,86124,1.0,851989,3
C2501,BMW,2005,48081,1.2,1800137,5
C2502,Toyota,2013,141975,,2675060,5
C2503,Honda,2018,110797,1.2,851989,4
C2504,BMW,2008,78157,2.5,1663681,2
C2505,BMW,2021,149170,1.5,1800137,5
C2506,Honda,2017,196210,2.5,2139816,4
C2507,Kia,2019,125049,1.0,2899296,1
C2508,Honda,,50994,1.5,1558920,4
C2509,Toyota,2018,75796,2.0,1312654,1
C2510,Audi,2023,196210,1.5,2898287,
C2511,Hyundai,2022,66652,,2905026,1
C2512,BMW,2011,136243,2.0,2905026,5
C2513,Kia,,20151,,2710900,
C2514,Honda,2019,172827,1.2,1025581,2
C2515,Hyundai,2013,85193,2.0,1696703,3
C2516,Honda,2023,,2.5,2710900,3
C2517,Hyundai,2023,155095,1.5,562667,1
C2518,Audi,2022,111151,1.5,3050785,2
C2519,Kia,2022,125049,1.0,2318481,1
C2520,Audi,2010,92662,1.5,1392304,1
C2521,BMW,2011,139718,2.0,1663681,1
C2522,BMW,2014,80227,2.0,1312654,1
C2523,Hyundai,2007,86920,,1470605,3
C2524,Audi,2006,87910,1.0,2239415,3
C2525,Kia,2016,70618,1.2,582765,4
C2526,Audi,2018,60569,1.5,2905026,3
C2527,Toyota,2019,172445,2.0,1548939,4
C2528,Audi,2005,131551,2.0,2898287,4
C2529,Audi,2008,87910,1.2,1800137,3
C2530,Toyota,2017,62869,2.5,2898287,3
C2531,Honda,2022,48081,,3484459,5
C2532,Audi,2022,110797,2.5,851989,4
C2533,BMW,2009,141975,,2032290,
C2534,Toyota,2020,75796,,2784053,5
C2535,BMW,2023,172827,2.5,3315750,
C2536,Audi,2018,141975,2.0,654431,4
C2537,Audi,,111790,2.0,3415602,1
C2538,Hyundai,2009,136243,2.0,1191580,3
C2539,Kia,2022,188677,2.5,2877354,
C2540,Toyota,2005,93887,1.0,562667,2
C2541,Honda,2007,52695,1.2,1054889,5
C2542,Kia,2010,70618,1.5,3256808,2
C2543,BMW,2007,172827,2.0,2318481,4
C2544,Honda,2008,155843,1.5,3194484,1
C2545,Kia,2014,48081,2.5,1558920,3
C2546,BMW,2005,110797,1.5,2899296,2
C2547,Audi,2021,86920,1.5,1682333,3
C2548,Hyundai,2016,127249,2.0,2727695,1
C2549,Honda,2012,20151,1.5,1054889,4
C2550,Kia,2008,196210,2.0,3075448,4
C2551,Hyundai,2007,188677,1.5,2727695,
C2552,BMW,2009,180017,1.5,2032290,5
C2553,Hyundai,2011,60569,2.0,1522784,4
C2554,Audi,2018,172827,1.5,2318481,3
C2555,Audi,2011,92662,2.0,1800137,1
C2556,BMW,2014,85193,1.2,3360865,3
C2557,Audi,2013,,1.5,1482146,4
C2558,Kia,2016,86124,,1663681,1
C2559,Audi,2015,161584,1.0,1663681,2
C2560,Toyota,2018,189058,1.2,1312654,2
C2561,Honda,2018,150888,1.2,476283,4
C2562,Audi,2022,24416,1.2,1191580,
C2563,BMW,2019,80227,,1689388,1
C2564,Hyundai,2022,139718,2.0,3448111,4
C2565,BMW,2013,86124,1.0,1663681,1
C2566,Honda,2019,80227,,1470605,5
C2567,Hyundai,2016,131551,2.0,2460556,3
C2568,Hyundai,2006,108554,,1054889,5
C2569,Kia,2007,131551,1.5,851989,2
C2570,Audi,2010,78157,2.5,1392304,5
C2571,BMW,,14167,2.0,562667,1
C2572,Hyundai,2014,86124,1.0,582765,3
C2573,Kia,2018,131551,2.5,2710900,1
C2574,Hyundai,2011,24416,2.0,1470605,1
C2575,Hyundai,2018,111151,2.0,3194484,
C2576,Honda,2023,78157,1.2,654431,
C2577,Hyundai,2016,168207,1.5,3256808,2
C2578,Kia,2022,138616,,1025581,5
C2579,Toyota,2017,87910,2.5,1800137,1
C2580,Toyota,2018,168207,,1054889,3
C2581,Audi,2008,111151,2.5,1800137,4
C2582,Honda,2022,66652,2.0,1466188,4
C2583,Hyundai,2013,20151,1.2,1191580,2
C2584,BMW,2005,188677,1.2,582765,5
C2585,Audi,2021,75796,1.5,2675060,
C2586,Honda,2018,155095,2.0,3256808,5
C2587,Kia,2016,161584,,,3
C2588,BMW,2005,110797,,3360865,
C2589,Toyota,2022,188677,2.0,3415602,
C2590,Honda,2015,70618,,1482146,1
C2591,Kia,2019,45100,2.0,1548939,1
C2592,Honda,2023,127249,1.2,851989,1
C2593,BMW,2009,48081,1.2,1696703,1
C2594,Audi,2020,24416,2.0,3075448,1
C2595,Honda,2019,155843,2.0,3256808,
C2596,Kia,2013,155843,2.5,2675060,3
C2597,Honda,2020,48081,2.0,3321928,2
C2598,Toyota,2021,172445,1.2,3448111,3
C2599,Audi,2009,80227,1.0,,2
C2600,Hyundai,2015,168207,2.0,2105194,1
C2601,Audi,2006,188677,2.5,851989,1
C2602,Kia,2015,196210,,654431,4
C2603,Hyundai,2008,172827,1.5,3360865,1
C2604,Audi,2017,85193,1.2,851989,
C2605,Audi,2020,188677,,3315750,1
C2606,Honda,2005,131551,1.5,1025581,5
C2607,Honda,2022,13378,1.2,1682333,5
C2608,Toyota,,161584,1.5,3256808,3
C2609,Toyota,2012,52695,,1682333,1
C2610,BMW,2013,86920,2.0,3256808,3
C2611,BMW,2011,136243,1.5,1800137,
C2612,Honda,2009,119885,1.2,476283,
C2613,Kia,,70618,,2139816,2
C2614,Hyundai,2023,148088,2.0,2710900,5
C2615,Toyota,2011,189058,1.2,2239415,5
C2616,Kia,2006,75796,1.0,3415602,1
C2617,BMW,2022,62869,2.5,2727695,3
C2618,Kia,2020,172827,1.5,2710900,
C2619,BMW,2009,48081,1.5,3050785,2
C2620,Toyota,2014,20151,1.5,958768,
C2621,BMW,2018,48081,2.5,2777596,1
C2622,Toyota,2009,155843,2.5,1558920,2
C2623,Toyota,2018,175693,1.5,1800137,3
C2624,BMW,2008,87910,1.0,1689388,2
C2625,Audi,2006,131551,2.0,3484459,1
C2626,Hyundai,2016,148088,1.5,2032290,3
C2627,BMW,2016,14167,1.5,1558920,3
C2628,Kia,2015,50994,,562667,3
C2629,Toyota,2012,24416,1.2,1092846,1
C2630,Honda,,168207,2.5,3448111,
C2631,Hyundai,2012,165367,1.5,3194484,4
C2632,Hyundai,2009,78157,2.5,2727695,
C2633,Audi,2010,110797,1.2,2318481,
C2634,Toyota,2015,172445,1.2,3484459,
C2635,Hyundai,2022,60569,,2710900,
C2636,Kia,2012,155095,1.2,1466188,3
C2637,Audi,2010,93887,2.5,2777596,5
C2638,Audi,2019,24416,2.0,1392304,3
C2639,BMW,2008,111151,2.0,2139816,4
C2640,Toyota,2020,86124,2.5,3194484,5
C2641,Toyota,2007,110797,1.2,2784053,2
C2642,Kia,2023,119885,1.0,2318481,5
C2643,Kia,2021,86124,,3415602,3
C2644,Kia,2019,119885,1.2,1522784,3
C2645,Hyundai,2006,148088,2.0,476283,1
C2646,Kia,2017,75796,1.0,3256808,2
C2647,Audi,2017,93887,1.0,2139816,
C2648,BMW,2010,52695,1.0,958768,3
C2649,Audi,2019,52695,,1392304,
